source,area_id,search,url_template,max_pages,page1_rows
realestate,new-cairo,all,https://realestate.eg/en/listings/new-cairo?location=8&page={page},8,
realestate,new-administrative-capital,all,https://realestate.eg/en/listings/new-administrative-capital?location=6&page={page},8,
realestate,sheikh-zayed,all,https://realestate.eg/en/listings/sheikh-zayed?location=16&page={page},8,
realestate,sixth-october-city,all,https://realestate.eg/en/listings/sixth-october-city?location=15&page={page},8,
realestate,north-coast,all,https://realestate.eg/en/listings/north-coast?location=4&page={page},8,
realestate,mostakbal-city,all,https://realestate.eg/en/listings/mostakbal-city?location=9&page={page},8,
propertyfinder,new-cairo,all,https://www.propertyfinder.eg/en/buy/cairo/properties-for-sale-new-cairo-city.html?page={page},9,20
propertyfinder,new-administrative-capital,all,https://www.propertyfinder.eg/en/buy/cairo/properties-for-sale-new-capital-city.html?page={page},9,21
propertyfinder,sheikh-zayed,all,https://www.propertyfinder.eg/en/buy/giza/properties-for-sale-sheikh-zayed-city.html?page={page},9,20
propertyfinder,sixth-october-city,all,https://www.propertyfinder.eg/en/buy/giza/properties-for-sale-6-october-city.html?page={page},9,21
propertyfinder,north-coast,all,https://www.propertyfinder.eg/en/buy/north-coast/properties-for-sale.html?page={page},9,20
propertyfinder,mostakbal-city,all,https://www.propertyfinder.eg/en/buy/cairo/properties-for-sale-mostakbal-city-future-city.html?page={page},9,21
dubizzle,new-cairo,apartments-duplex,https://www.dubizzle.com.eg/en/properties/apartments-duplex-for-sale/new-cairo/?page={page},4,45
dubizzle,new-cairo,villas,https://www.dubizzle.com.eg/en/properties/villas-for-sale/new-cairo/?page={page},4,
dubizzle,new-administrative-capital,apartments-duplex,https://www.dubizzle.com.eg/en/properties/apartments-duplex-for-sale/new-capital-city/?page={page},4,45
dubizzle,new-administrative-capital,villas,https://www.dubizzle.com.eg/en/properties/villas-for-sale/new-capital-city/?page={page},4,
dubizzle,sheikh-zayed,apartments-duplex,https://www.dubizzle.com.eg/en/properties/apartments-duplex-for-sale/sheikh-zayed/?page={page},4,45
dubizzle,sheikh-zayed,villas,https://www.dubizzle.com.eg/en/properties/villas-for-sale/sheikh-zayed/?page={page},4,
dubizzle,sixth-october-city,apartments-duplex,https://www.dubizzle.com.eg/en/properties/apartments-duplex-for-sale/6th-of-october/?page={page},4,45
dubizzle,sixth-october-city,villas,https://www.dubizzle.com.eg/en/properties/villas-for-sale/6th-of-october/?page={page},4,
dubizzle,north-coast,vacation-homes,https://www.dubizzle.com.eg/en/properties/vacation-homes-for-sale/north-coast/?page={page},4,45
dubizzle,north-coast,villas,https://www.dubizzle.com.eg/en/properties/villas-for-sale/north-coast/?page={page},4,
dubizzle,mostakbal-city,apartments-duplex,https://www.dubizzle.com.eg/en/properties/apartments-duplex-for-sale/mostakbal-city/?page={page},4,45
dubizzle,mostakbal-city,villas,https://www.dubizzle.com.eg/en/properties/villas-for-sale/mostakbal-city/?page={page},4,
nawy,new-cairo,all,https://www.nawy.com/search?category=property&areas=2&page_number={page},17,12
nawy,new-administrative-capital,all,https://www.nawy.com/search?category=property&areas=9&page_number={page},17,12
nawy,sheikh-zayed,all,https://www.nawy.com/search?category=property&areas=26&page_number={page},17,12
nawy,sixth-october-city,all,https://www.nawy.com/search?category=property&areas=1&page_number={page},17,12
nawy,north-coast,all,https://www.nawy.com/search?category=property&areas=3&page_number={page},17,12
nawy,mostakbal-city,all,https://www.nawy.com/search?category=property&areas=10&page_number={page},17,12
